10,KEY,LEVEL 1,LEVEL 2,LEVEL 3,LEVEL 4,PUBLISH,IN_MENU,TYPOLOGIE,LEVEL,DESCRIPTION,EDITO,ID,URL
20,VO20,Démarches et services,,,,1,0,HUB,,,,,
30,VO30,Démarches et services,état-civil - citoyenneté,,,1,0,HUB,,,,,
40,VO40,Démarches et services,état-civil - citoyenneté,"Demande d'actes (naissance, mariage, décès)",,1,0,SER,,,,2037,
50,VO50,Démarches et services,état-civil - citoyenneté,"Carte d'identité (renseignements, pièces à fournir)",,1,0,SER,,,,2035,
60,VO60,Démarches et services,état-civil - citoyenneté,Carte d'identité ( rendez-vous pour le dépôt de dossier),,1,0,SER,,,,2034,
70,VO70,Démarches et services,état-civil - citoyenneté,"Passeport (renseignements, pièces à fournir)",,1,0,SER,,,,2035,
80,VO80,Démarches et services,état-civil - citoyenneté,Passeport (rendez-vous pour le dépôt de dossier),,1,0,SER,,,,2034,
90,VO90,Démarches et services,état-civil - citoyenneté,Demande de changement de nom de famille,,1,0,SER,,,,2172,
100,VO100,Démarches et services,état-civil - citoyenneté,Livret de famille (1ère demande ou duplicata),,1,0,SER,,,,2033,
110,VO110,Démarches et services,état-civil - citoyenneté,Livret de famille (mise à jour),,1,0,SER,,,,2032,
120,VO120,Démarches et services,état-civil - citoyenneté,Carte électorale (renseignements),,1,0,INFO,,,,,page_200#!/particuliers/page/N47
130,VO130,Démarches et services,état-civil - citoyenneté,PACS (dépôt de dossier),,1,0,SER,,,,2031,
140,VO140,Démarches et services,état-civil - citoyenneté,Mariage (dépôt de dossier),,1,0,SER,,,,2030,
150,VO150,Démarches et services,état-civil - citoyenneté,Parrainage civil  (dépôt de dossier),,1,0,SER,,,,2029,
160,VO160,Démarches et services,état-civil - citoyenneté,Renouvellement des vœux de mariage (dépôt de dossier),,1,0,SER,,,,,
170,VO170,Démarches et services,état-civil - citoyenneté,Attestation d'accueil (renseignements),,1,0,INFO,,,,2027,
180,VO180,Démarches et services,état-civil - citoyenneté,Attestation d'accueil (rendez-vous pour le dépôt de dossier),,1,0,SER,,,,2026,
190,VO190,Démarches et services,état-civil - citoyenneté,Recensement citoyen dès 16 ans (renseignements),,1,0,SER,,,,2025,
200,VO200,Démarches et services,état-civil - citoyenneté,Le guide des démarches,,1,0,INFO,,,,125,
210,VO210,Démarches et services,Petite enfance,,,1,0,HUB,,,,,
220,VO220,Démarches et services,Petite enfance,Contacter le point accueil petite enfance,,1,0,SER,,,,1569,
230,VO230,Démarches et services,Petite enfance,Accueil régulier,,1,0,INFO,,,maj,1535,
240,VO240,Démarches et services,Petite enfance,Accueil occasionnel,,1,0,INFO,,,maj,1536,
250,VO250,Démarches et services,Petite enfance,Accueil d'urgence,,1,0,INFO,,,maj,1537,
260,VO260,Démarches et services,Petite enfance,Les crèches,,1,0,INFO,,,,1562,
270,VO270,Démarches et services,Petite enfance,L'accueil familial,,1,0,INFO,,,,1568,
280,VO280,Démarches et services,Petite enfance,Les assistant(e)s maternel(le)s indépendant(e)s,,1,0,INFO,,,,1563,
290,VO290,Démarches et services,Petite enfance,Garde à domicile,,1,0,INFO,,,,1564,
300,VO300,Démarches et services,Petite enfance,Calculer votre tarif,,1,0,INFO,,,maj,1545,
310,VO310,Démarches et services,Petite enfance,Les critères d'admission en crèche,,1,0,INFO,,,,1546,
320,VO320,Démarches et services,Petite enfance,Foire aux questions (FAQ),,1,0,INFO,,,,1547,
330,VO330,Démarches et services,Vie scolaire,,,1,0,HUB,,,,,
340,VO340,Démarches et services,Vie scolaire,Inscriptions scolaires (maternelle et élémentaire),,1,0,INFO,,,,160,
350,VO350,Démarches et services,Vie scolaire,Accueils de loisirs,,1,0,INFO,,,,168,
360,VO360,Démarches et services,Vie scolaire,Accueil périscolaire,,1,0,INFO,,,,163,
370,VO370,Démarches et services,Vie scolaire,Restauration scolaire,,1,0,INFO,,,,162,
380,VO380,Démarches et services,Vie scolaire,Quotient familial,,1,0,INFO,,,,183,
390,VO390,Démarches et services,Vie scolaire,Temps scolaire,,1,0,INFO,,,,161,
400,VO400,Démarches et services,Vie scolaire,Politique éducative,,1,0,INFO,,,,1484,
410,VO410,Démarches et services,Vie scolaire,Ressources pédagogiques,,1,0,INFO,,,,1187,
420,VO420,Démarches et services,Jeunesse et vie étudiante,,,1,0,HUB,,,,,
430,VO430,Démarches et services,Jeunesse et vie étudiante,Université - vie étudiante,,1,0,INFO,,,à compléter (grd écoles/grd campus),,
440,VO440,Démarches et services,Jeunesse et vie étudiante,Journée d’Accueil des Nouveaux Etudiants (JANE),,1,0,INFO,,,,1486,
450,VO450,Démarches et services,Jeunesse et vie étudiante,Objectif Apprenti’Stage,,1,0,INFO,,,,1373,
460,VO460,Démarches et services,Jeunesse et vie étudiante,Le CRIJ (Centre Régional d'Information Jeunesse),,1,0,INFO,,,,828,
470,VO470,Démarches et services,Jeunesse et vie étudiante,Consultation jeunesse,,1,0,INFO,,,,,
480,VO480,Démarches et services,Jeunesse et vie étudiante,"Ôpe, plateforme d'entraide aux étudiants",,1,0,INFO,,,,,https://ope.orleans.fr/
490,VO490,Démarches et services,Jeunesse et vie étudiante,Fonds pour la jeunesse Orléanaise,,1,0,INFO,,,,166,
500,VO500,Démarches et services,Jeunesse et vie étudiante,Bourses projets jeunes,,1,0,INFO,,,,833,
510,VO510,Démarches et services,Jeunesse et vie étudiante,Conseil Orléanais de Jeunes,,1,0,INFO,,,,1250,
520,VO520,Démarches et services,Association,,,1,0,HUB,,,,,
530,VO530,Démarches et services,Association,Annuaire des associations,,1,0,INFO,,,,892,
540,VO540,Démarches et services,Association,Catalogue des activités associatives,,1,0,INFO,,,,1852,
550,VO550,Démarches et services,Association,Agenda des sorties,,1,0,INFO,,,,981,
560,VO560,Démarches et services,Association,Publier des événements dans l'agenda des sorties,,1,0,SER,,,,1975,
570,VO570,Démarches et services,Association,Demande de débit de boisson temporaire,,1,0,SER,,,,2044,https://teleservices.moncompte.orleans-metropole.fr/affaires-generales/debit-de-boissons-temporaire/
580,VO580,Démarches et services,Association,Location de salles municipales,,1,0,INFO,,,,1974,
590,VO590,Démarches et services,Association,Rentrée en fête,,1,0,INFO,,,,465,
600,VO600,Démarches et services,Association,Guide des démarches,,1,0,INFO,,,,975,
610,VO610,Démarches et services,Association,Gestion de mon association (aide),,1,0,INFO,,,,1897,
620,VO620,Démarches et services,Association,Associations Culturelles (subventions),,1,0,INFO,,,,1725,
630,VO630,Démarches et services,Association,Maison des associations rue sainte catherine,,1,0,INFO,,,,699,
640,VO640,Démarches et services,Association,Maison des associations la Source,,1,0,INFO,,,,700,
650,VO650,Démarches et services,Association,Espace Olympe de Gouges,,1,0,INFO,,,,1043,
660,VO660,Démarches et services,Association,La maison des provinces,,1,0,INFO,,,,702,
670,VO670,Démarches et services,Association,La maison Bourgogne - le 108,,1,0,INFO,,,caché ?,701,
680,VO680,Démarches et services,Seniors,,,1,0,HUB,,,,,
690,VO690,Démarches et services,Seniors,"Télé-assistance, veille, risques exceptionnels",,1,0,SER,,,,622,
700,VO700,Démarches et services,Seniors,CLIC Orléans Val de Loire,,1,0,INFO,,,,169,
710,VO710,Démarches et services,Seniors,Portage des repas,,1,0,INFO,,,,621,
720,VO720,Démarches et services,Seniors,Hébergement,,1,0,INFO,,,,172,
730,VO730,Démarches et services,Seniors,"Newsletter ""Atout Prévention SeniOr""",,1,0,INFO,,,,1696,
740,VO740,Démarches et services,Seniors,Les animations du CCAS,,1,0,INFO,,,,623,
750,VO750,Démarches et services,Seniors,Les centres Anim'Orléans,,1,0,INFO,,,,624,
760,VO760,Démarches et services,Seniors,La vie devant soi,,1,0,INFO,,,,625,
770,VO770,Démarches et services,Seniors,L'université du temps libre,,1,0,INFO,,,,626,
780,VO780,Démarches et services,Seniors,La vie associative,,1,0,INFO,,,,627,
790,VO790,Démarches et services,Seniors,Les clubs seniors,,1,0,INFO,,,,628,
800,VO800,Démarches et services,Déchets,,,1,0,HUB,,,,1376,
810,VO810,Démarches et services,Déchets,Collecte des déchets,,1,0,INFO,,,,,page_OM340
820,VO820,Démarches et services,Déchets,"Déchetteries, végé'tri",,1,0,INFO,,,,,page_OM350
830,VO830,Démarches et services,Déchets,Points d'apports volontaires,,1,0,INFO,,,,,page_OM370
840,VO840,Démarches et services,Déchets,Tri des déchets,,1,0,INFO,,,,,page_OM350
850,VO850,Démarches et services,Déchets,Réduction des déchets (conseils),,1,0,INFO,,,,,page_OM450
860,VO860,Démarches et services,Déchets,Demander la carte pour des services en déchetterie,,1,0,SER,,,,,page_OM360
870,VO870,Démarches et services,Déchets,Demander un bac,,1,0,SER,,,,,page_OM380
880,VO880,Démarches et services,Déchets,J'adopte un composteur,,1,0,SER,,,,,page_OM390
890,VO890,Démarches et services,Déchets,Collecte à domicile des objets volumineux (encombrants),,1,0,SER,,,,,page_OM373
900,VO900,Démarches et services,Déchets,Demande de sacs en Centre-ville d'Orléans,,1,0,SER,,,,,page_OM376
910,VO910,Démarches et services,Déchets,Collecte des végétaux en porte à porte,,1,0,SER,,,,,page_OM392
920,VO920,Démarches et services,Déchets,Je souhaite visiter l'UTOM,,1,0,SER,,,,,page_OM394
930,VO930,Démarches et services,Déchets,Signaler un problème de collecte,,1,0,SER,,,,,page_OM396
940,VO940,Démarches et services,Déchets,Demander ou transmettre une information sur les déchets,,1,0,SER,,,,,page_OM451
950,VO950,Démarches et services,Déplacements,,,1,0,HUB,,,,,
960,VO960,Démarches et services,Déplacements,Louer un vélo courte et longue durée,,1,0,SER,,,,,page_OM200
970,VO970,Démarches et services,Déplacements,Acheter un titre de transport (réseau TAO),,1,0,SER,,,,,page_OM190
980,VO980,Démarches et services,Déplacements,Trouver une borne de recharge électrique,,1,0,INFO,,,,,
990,VO990,Démarches et services,Déplacements,Rechercher un itinéraire (J'y vais malin : transport multimodal),,1,0,SER,,,,,page_OM210
1000,VO1000,Démarches et services,Déplacements,Stationnement,,1,0,INFO,,,,,page_OM240
1010,VO1010,Démarches et services,Déplacements,Contacter le point accueil stationnement,,1,0,SER,,,,,page_OM240
1020,VO1020,Démarches et services,Déplacements,Accès aux zones piétonnes (bornes),,1,0,INFO,,,,,page_OM270
1030,VO1030,Démarches et services,Déplacements,Vélo - Piéton,,1,0,INFO,,,,,page_OM270
1040,VO1040,Démarches et services,Déplacements,Train - Car,,1,0,INFO,,,,,page_OM260
1050,VO1050,Démarches et services,Déplacements,Tram - Bus - Transport à la demande,,1,0,INFO,,,,,page_OM260
1060,VO1060,Démarches et services,Déplacements,Travaux - voirie,,1,0,INFO,,,,,page_OM290
1070,VO1070,Démarches et services,Culture-loisirs-tourisme,,,1,0,HUB,,,,,
1080,VO1080,Démarches et services,Culture-loisirs-tourisme,Billeterie (musées d'Orléans / parc floral / théâtre Gérard Philipe),,1,0,SER,,,,1984,
1090,VO1090,Démarches et services,Culture-loisirs-tourisme,"Billeterie de l'office de tourisme (visites, spectacles...)",,1,0,SER,,,,1963,
1100,VO1100,Démarches et services,Culture-loisirs-tourisme,Catalogue des médiathèques,,1,0,SER,,,,1986,
1110,VO1110,Démarches et services,Culture-loisirs-tourisme,Archives numérisées d'Orléans,,1,0,SER,,,,88,
1120,VO1120,Démarches et services,Culture-loisirs-tourisme,Aurelia - Collections patrimoniales numérisées,,1,0,SER,,,https://mediatheques.orleans-metropole.fr/patrimoine/collections-patrimoniales-numerisees,1392,
1130,VO1130,Démarches et services,Culture-loisirs-tourisme,Demande de renseignement touristique,,1,0,SER,,,,1964,
1140,VO1140,Démarches et services,Culture-loisirs-tourisme,Déclaration d'un meublé de tourisme,,1,0,SER,,,,1962,
1150,VO1150,Démarches et services,Culture-loisirs-tourisme,Déclarer la taxe de séjour,,1,0,SER,,,https://taxesejour.orleans-metropole.fr,1523,
1160,VO1160,Démarches et services,Sport,,,1,0,HUB,,,,,
1170,VO1170,Démarches et services,Sport,Inscription à l'école municipale de sport (EMIS),,1,0,SER,,,,93,
1180,VO1180,Démarches et services,Sport,Inscription à Orléans Vous Coach,,1,0,SER,,,,474,
1190,VO1190,Démarches et services,Sport,Activités sportives - établissements,,1,0,INFO,,,,,
1200,VO1200,Démarches et services,Sport,Activités sportives - annuaire de clubs,,1,0,INFO,,,,897,
1210,VO1210,Démarches et services,Urbanisme - habitat,,,1,0,HUB,,,,,
1220,VO1220,Démarches et services,Urbanisme - habitat,Autorisations d'urbanisme sur Orléans,,1,0,SER,,,,,
1230,VO1230,Démarches et services,Urbanisme - habitat,Demande de logement,,1,0,INFO,,,,143,
1240,VO1240,Démarches et services,Urbanisme - habitat,Aides à l'amélioration de l'habitat,,1,0,INFO,,,,,https://www.adil45-28.org/les-aides-a-lamelioration-de-lhabitat/
1250,VO1250,Démarches et services,Urbanisme - habitat,Entretien du patrimoine,,1,0,INFO,,,,147,
1260,VO1260,Démarches et services,Urbanisme - habitat,Campagne de ravalement,,1,0,INFO,,,,1606,
1270,VO1270,Démarches et services,Urbanisme - habitat,Etablissement recevant du public (ERP),,1,0,INFO,,,,613,
1280,VO1280,Démarches et services,Urbanisme - habitat,Information des Acquéreurs et des Locataires de biens immobiliers,,1,0,INFO,,,,,
1290,VO1290,Ville engagée,,,,1,0,HUB,,,,,
1300,VO1300,Ville engagée,Projets urbains,,,1,0,HUB,,,,,
1310,VO1310,Ville engagée,Projets urbains,Transformation des Mails d’Orléans,,1,0,INFO,,,,,page_OM800
1320,VO1320,Ville engagée,Projets urbains,"Halles Châtelet : demain, un pôle gourmand et convivial",,1,0,INFO,,,,2094,
1330,VO1330,Ville engagée,Projets urbains,ZAC Carmes - Madeleine,,1,0,INFO,,,,399,
1340,VO1340,Ville engagée,Projets urbains,Parc urbain Madeleine,,1,0,INFO,,,,,news_
1350,VO1350,Ville engagée,Projets urbains,Zac Fil Soie,,1,0,INFO,,,,482,
1360,VO1360,Ville engagée,Projets urbains,Parc de Loire,,1,0,INFO,,,,,page_OM760
1370,VO1370,Ville engagée,Projets urbains,Les Groues,,1,0,INFO,,,,,page_OM780
1380,VO1380,Ville engagée,Projets urbains,Les quartiers en rénovation urbaine,,1,0,INFO,,,,,page_OM720
1390,VO1390,Ville engagée,Projets urbains,Interives,,1,0,INFO,,,,,page_OM770
1400,VO1400,Ville engagée,Transition écologique,,,1,0,HUB,,,,,
1410,VO1410,Ville engagée,Transition écologique,Les feuilles de route,,1,0,INFO,,,,2095,
1420,VO1420,Ville engagée,Santé,,,1,0,HUB,,,,,
1430,VO1430,Ville engagée,Santé,Actualités ...,,1,0,INFO,,,,,
1440,VO1440,Ville engagée,Sécurité ,,,1,0,HUB,,,,,
1450,VO1450,Ville engagée,Sécurité ,Actualités ...,,1,0,INFO,,,,,
1460,VO1460,Ville engagée,Participation citoyenne,,,1,0,HUB,,,,,
1470,VO1470,Ville engagée,Participation citoyenne,Budget participatif,,1,0,INFO,,,,1549,
1480,VO1480,Ville engagée,Participation citoyenne,Forums de quartiers : le moment d'échanger,,1,0,INFO,,,,,news_
1490,VO1490,Ville engagée,Participation citoyenne,Orléans Proximité,,1,0,INFO,,,,2048,
1500,VO1500,Ville engagée,Participation citoyenne,Conseil Orléanais de Jeunes,,1,0,INFO,,,,1250,
1510,VO1510,Ville engagée,Participation citoyenne,Prochaines réunions publiques,,1,0,INFO,,,,1238,
1520,VO1520,Mon quartier,,,,1,0,HUB,,,,,
1530,VO1530,Mon quartier,Nord,,,1,0,INFO,,,,97,
1540,VO1540,Mon quartier,Est,,,1,0,INFO,,,,774,
1550,VO1550,Mon quartier,Ouest,,,1,0,INFO,,,,783,
1560,VO1560,Mon quartier,Centre ville,,,1,0,INFO,,,,784,
1570,VO1570,Mon quartier,Saint Marceau,,,1,0,INFO,,,,791,
1580,VO1580,Mon quartier,La Source,,,1,0,INFO,,,,792,
1590,VO1590,Mon quartier,Suivi des projets dans mon quartier,Suivi des projets dans mon quartier,,1,0,INFO,,,,1689,
1600,VO1600,Mon quartier,Boites à livres,,,1,0,INFO,,,,1876,
1610,VO1610,Mon quartier,Nouveaux Orléanais,,,1,0,INFO,,,,79,
1620,VO1620,Vie municipale,Conseil municipal,,,1,0,HUB,,,,,
1630,VO1630,Vie municipale,Conseil municipal,Fonctionnement,,1,0,INFO,,,,866,
1640,VO1640,Vie municipale,Conseil municipal,Archives des compte-rendus,,1,0,INFO,,,,533,
1650,VO1650,Vie municipale,Conseil municipal,Ordre du jour du conseil municipal,,1,0,INFO,,,,532,
1660,VO1660,Vie municipale,Conseil municipal,Archives des procès verbaux,,1,0,INFO,,,,534,
1670,VO1670,Vie municipale,Conseil municipal,Conseil municipal - vidéos,,1,0,INFO,,,,1919,
1680,VO1680,Vie municipale,Conseil municipal,Vos questions au conseil municipal,,1,0,INFO,,,,,news_
1690,VO1690,Vie municipale,Conseil municipal,Recueil des actes administratifs,,1,0,INFO,,,,1768,
1700,VO1700,Vie municipale,Conseil municipal,Le Maire et ses conseillers délégués,,1,0,INFO,,,,886,
1710,VO1710,Vie municipale,Conseil municipal,Les adjoints et leurs conseillers délégués,,1,0,INFO,,,,887,
1720,VO1720,Vie municipale,Conseil municipal,Les conseillers de l'opposition,,1,0,INFO,,,,889,
1730,VO1730,Vie municipale,Conseil municipal,Charte de déontologie des élues et élus municipaux,,1,0,INFO,,,,1869,
1740,VO1740,Vie municipale,Conseil municipal,Expression des groupes politiques,,1,0,INFO,,,,1889,
1750,VO1750,Vie municipale,Conseil municipal,Charte sur la laïcité,,1,0,INFO,,,,1870,
1760,VO1760,Vie municipale,Conseil municipal de jeunes,,,1,0,INFO,,,,104,
1770,VO1770,Vie municipale,Élections,,,1,0,,,,,,
1780,VO1780,Vie municipale,Élections,Présidentielles,,1,0,INFO,,,,,
1781,VO1781,Vie municipale,Élections,Présidentielles,Présidentielles 2022 - 2ème tour,1,0,INFO,,,,2097,
1782,VO1782,Vie municipale,Élections,Présidentielles,Présidentielles 2022 - 1er tour,1,0,INFO,,,,2096,
1783,VO1783,Vie municipale,Élections,Présidentielles,Présidentielles 2017 - 2ème tour,1,0,INFO,,,,1527,
1784,VO1784,Vie municipale,Élections,Présidentielles,Présidentielles 2017 - 1er tour,1,0,INFO,,,,1525,
1785,VO1785,Vie municipale,Élections,Présidentielles,Présidentielles 2012 - 2ème tour,1,0,INFO,,,,1124,
1786,VO1786,Vie municipale,Élections,Présidentielles,Présidentielles 2012 - 1er tour,1,0,INFO,,,,1125,
1790,VO1790,Vie municipale,Élections,Législatives,,1,0,INFO,,,,,
1791,VO1791,Vie municipale,Élections,Législatives,Législatives 2022 - 2ème tour,1,0,INFO,,,,2114,
1792,VO1792,Vie municipale,Élections,Législatives,Législatives 2022 - 1er tour,1,0,INFO,,,,2112,
1793,VO1793,Vie municipale,Élections,Législatives,Législatives 2017 - 2ème tour,1,0,INFO,,,,1548,
1794,VO1794,Vie municipale,Élections,Législatives,Législatives 2017 - 1er tour,1,0,INFO,,,,1533,
1795,VO1795,Vie municipale,Élections,Législatives,Législatives 2012 - 2ème tour,1,0,INFO,,,,1128,
1796,VO1796,Vie municipale,Élections,Législatives,Législatives 2012 - 1er tour,1,0,INFO,,,,1129,
1800,VO1800,Vie municipale,Élections,Municipales,,1,0,INFO,,,,,
1801,VO1801,Vie municipale,Élections,Municipales,Municipales 2020 - 2ème tour,1,0,INFO,,,,1177,
1802,VO1802,Vie municipale,Élections,Municipales,Municipales 2020 - 1er tour,1,0,INFO,,,,1762,
1803,VO1803,Vie municipale,Élections,Municipales,Municipales 2014 - 1er tour,1,0,INFO,,,,1165,
1804,VO1804,Vie municipale,Élections,Municipales,Municipales 2008 - 2ème tour,1,0,INFO,,,,1130,
1805,VO1805,Vie municipale,Élections,Municipales,Municipales 2008 - 1er tour,1,0,INFO,,,,1131,
1810,VO1810,Vie municipale,Élections,Régionales,,1,0,INFO,,,,,
1811,VO1811,Vie municipale,Élections,Régionales,Régionales 2021 - 2ème tour,1,0,INFO,,,,1914,
1812,VO1812,Vie municipale,Élections,Régionales,Régionales 2021 - 1er tour,1,0,INFO,,,,1910,
1813,VO1813,Vie municipale,Élections,Régionales,Régionales 2015 - 2ème tour,1,0,INFO,,,,1776,
1814,VO1814,Vie municipale,Élections,Régionales,Régionales 2015 - 1er tour,1,0,INFO,,,,1775,
1815,VO1815,Vie municipale,Élections,Régionales,Régionales 2010 - 2ème tour,1,0,INFO,,,,1132,
1816,VO1816,Vie municipale,Élections,Régionales,Régionales 2010 - 1er tour,1,0,INFO,,,,1133,
1820,VO1820,Vie municipale,Élections,Cantonales,,1,0,INFO,,,,,
1821,VO1821,Vie municipale,Élections,Cantonales,Cantonales 2011 - 2ème tour,1,0,INFO,,,,1134,
1822,VO1822,Vie municipale,Élections,Cantonales,Cantonales 2011 - 1er tour,1,0,INFO,,,,1135,
1823,VO1823,Vie municipale,Élections,Cantonales,Cantonales 2008 - 2ème tour,1,0,INFO,,,,1137,
1824,VO1824,Vie municipale,Élections,Cantonales,Cantonales 2008 - 1er tour,1,0,INFO,,,,1136,
1830,VO1830,Vie municipale,Élections,Européennes,,1,0,INFO,,,,,
1831,VO1831,Vie municipale,Élections,Européennes,Européennes 2019,1,0,INFO,,,,1686,
1832,VO1832,Vie municipale,Élections,Européennes,Européennes 2014,1,0,INFO,,,,1184,
1833,VO1833,Vie municipale,Élections,Européennes,Européennes 2009,1,0,INFO,,,,1139,
1840,VO1840,Vie municipale,Élections,Départementales,,1,0,INFO,,,,,
1841,VO1841,Vie municipale,Élections,Départementales,Départementales 2021 - 2ème tour,1,0,INFO,,,,1915,
1842,VO1842,Vie municipale,Élections,Départementales,Départementales 2021 - 1er tour,1,0,INFO,,,,1911,
1843,VO1843,Vie municipale,Élections,Départementales,Départementales 2015 - 2ème tour,1,0,INFO,,,,1217,
1844,VO1844,Vie municipale,Élections,Départementales,Départementales 2015 - 1er tour,1,0,INFO,,,,1234,
1850,VO1850,Vie municipale,Budget de la mairie d’Orléans,,,1,0,INFO,,,,1140,
1860,VO1860,Vie municipale,Publication des actes commune d'Orléans,,,1,0,INFO,,,,2124,
1870,VO1870,Vie municipale,Villes amies,,,1,0,HUB,,,,,
1880,VO1880,Vie municipale,Villes amies,La Nouvelle Orléans (USA),,1,0,INFO,,,,1595,
1890,VO1890,Vie municipale,Villes amies,Yangzhou (Chine),,1,0,INFO,,,,1462,
1900,VO1900,Vie municipale,Villes amies,Dundee (Ecosse),,1,0,INFO,,,,640,
1910,VO1910,Vie municipale,Villes amies,Trévise (Italie),,1,0,INFO,,,,641,
1920,VO1920,Vie municipale,Villes amies,Münster (Allemagne),,1,0,INFO,,,,642,
1930,VO1930,Vie municipale,Villes amies,Kristiansand (Norvège),,1,0,INFO,,,,644,
1940,VO1940,Vie municipale,Villes amies,Wichita (USA),,1,0,INFO,,,,645,
1950,VO1950,Vie municipale,Villes amies,Tarragone (Espagne),,1,0,INFO,,,,646,
1960,VO1960,Vie municipale,Villes amies,Saint-Flour (France),,1,0,INFO,,,,647,
1970,VO1970,Vie municipale,Villes amies,Parakou (Bénin),,1,0,INFO,,,,651,
1980,VO1980,Vie municipale,Villes amies,Utsunomiya (Japon),,1,0,INFO,,,,648,
1990,VO1990,Vie municipale,Villes amies,Lugoj (Roumanie),,1,0,INFO,,,,649,
2000,VO2000,Vie municipale,Villes amies,Cracovie (Pologne),,1,0,INFO,,,,650,
2010,VO2010,Que faire à Orléans ?,Sorties,,,1,0,HUB,,,,,
2020,VO2020,Que faire à Orléans ?,Sorties,Agenda des sorties,,1,0,INFO,,,,,https://sortir.orleans-metropole.fr/
2030,VO2030,Que faire à Orléans ?,Sorties,Fêtes et évènements à ne pas manquer,,1,0,INFO,,,,,
2040,VO2040,Que faire à Orléans ?,Associations,,,1,0,HUB,,,,,
2050,VO2050,Que faire à Orléans ?,Associations,Annuaire des associations,,1,0,INFO,,,,,page_VO530
2060,VO2060,Que faire à Orléans ?,Associations,Catalogue d'activités associatives,,1,0,INFO,,,,,page_VO540
2070,VO2070,Que faire à Orléans ?,Associations,"La maison des associations, rue Sainte Catherine",,1,0,INFO,,,,,page_VO630
2080,VO2080,Que faire à Orléans ?,Associations,La maison des associations la Source,,1,0,INFO,,,,,page_VO640
2090,VO2090,Que faire à Orléans ?,Associations,Espace Olympe de Gouges,,1,0,INFO,,,,,page_VO650
2100,VO2100,Que faire à Orléans ?,Associations,La maison des provinces,,1,0,INFO,,,,,page_VO660
2110,VO2110,Que faire à Orléans ?,Associations,Le 108 rue de Bourgogne,,1,0,INFO,,,,,page_VO670
2120,VO2120,Que faire à Orléans ?,Activités sportives,Annuaire des clubs sportifs,,1,0,INFO,,,,,page_VO1200
2130,VO2130,Que faire à Orléans ?,Activités sportives,Ecole municipale d'initiation sportive,,1,0,INFO,,,,,page_VO1170
2140,VO2140,Que faire à Orléans ?,Activités sportives,Orléans vous coach,,1,0,INFO,,,,,page_VO1180
2145,VO2145,Que faire à Orléans ?,Equipements sportifs,,,1,0,,,,,,
2150,VO2150,Que faire à Orléans ?,Equipements sportifs,L'Argonaute,,1,0,INFO,,,,1580,
2160,VO2160,Que faire à Orléans ?,Equipements sportifs,La patinoire d'Orléans,,1,0,INFO,,,,434,
2170,VO2170,Que faire à Orléans ?,Equipements sportifs,La base de loisirs de l'Ile Charlemagne,,1,0,INFO,,,,441,
2180,VO2180,Que faire à Orléans ?,Equipements sportifs,Le palais des sports,,1,0,INFO,,,,444,
2190,VO2190,Que faire à Orléans ?,Equipements sportifs,Le stade omnisports de La Source,,1,0,INFO,,,,445,
2200,VO2200,Que faire à Orléans ?,Equipements sportifs,Le site des Murlins,,1,0,INFO,,,,446,
2210,VO2210,Que faire à Orléans ?,Equipements sportifs,Le site de la Vallée,,1,0,INFO,,,,447,
2220,VO2220,Que faire à Orléans ?,Equipements sportifs,Le stade de l'Ile Arrault et l'hippodrome,,1,0,INFO,,,,448,
2230,VO2230,Que faire à Orléans ?,Equipements sportifs,Le complexe sportif de La Source,,1,0,INFO,,,,449,
2240,VO2240,Que faire à Orléans ?,Equipements sportifs,Le site des Montées,,1,0,INFO,,,,450,
2250,VO2250,Que faire à Orléans ?,Equipements sportifs,Le site du Belneuf,,1,0,INFO,,,,473,
2260,VO2260,Que faire à Orléans ?,Piscines,,,1,0,,,,,,
2260,VO2260,Que faire à Orléans ?,Piscines,Complexe nautique de la Source,,1,0,INFO,,,,439,
2270,VO2270,Que faire à Orléans ?,Piscines,L'O,,1,0,INFO,,,,1908,
2280,VO2280,Que faire à Orléans ?,Piscines,Bassin Victor Fouillage,,1,0,INFO,,,,440,
2285,VO2285,Que faire à Orléans ?,Activités artistiques,,,1,0,,,,,,
2290,VO2290,Que faire à Orléans ?,Activités artistiques,Le conservatoire,,1,0,INFO,,,,429,
2300,VO2300,Que faire à Orléans ?,Activités artistiques,L'école supérieure d'art et de design (ESAD),,1,0,INFO,,,,428,
2310,VO2310,Que faire à Orléans ?,Activités artistiques,Le centre chorégraphique national d'Orléans,,1,0,INFO,,,,842,
2320,VO2320,Que faire à Orléans ?,Activités artistiques,Les lieux de répétition,,1,0,INFO,,,,432,
2330,VO2330,Que faire à Orléans ?,Activités artistiques,La Musique Municipale d'Orléans,,1,0,INFO,,,,433,
2345,VO2345,Que faire à Orléans ?,Patrimoine - Tourisme,,,1,0,,,,,,
2340,VO2340,Que faire à Orléans ?,Patrimoine - Tourisme,Orléans capitale du Centre Val de Loire,,1,0,INFO,,,,,
2350,VO2350,Que faire à Orléans ?,Patrimoine - Tourisme,Ville d'Art et d'Histoire,,1,0,INFO,,,,830,
2360,VO2360,Que faire à Orléans ?,Patrimoine - Tourisme,Le pôle d’archéologie,,1,0,INFO,,,,1499,
2370,VO2370,Que faire à Orléans ?,Patrimoine - Tourisme,Les archives d'Orléans,,1,0,INFO,,,,,
2380,VO2380,Que faire à Orléans ?,Patrimoine - Tourisme,Lieux célèbres,,1,0,INFO,,,,711,
2390,VO2390,Que faire à Orléans ?,Patrimoine - Tourisme,Les témoins,,1,0,INFO,,,,1581,
2400,VO2400,Que faire à Orléans ?,Patrimoine - Tourisme,"La Loire, patrimoine mondial de l'UNESCO",,1,0,INFO,,,,116,
2410,VO2410,Que faire à Orléans ?,Patrimoine - Tourisme,Balades touristiques,,1,0,INFO,,,,117,
2420,VO2420,Que faire à Orléans ?,Patrimoine - Tourisme,Les principaux parcs et jardins,,1,0,INFO,,,,636,
2430,VO2430,Que faire à Orléans ?,Patrimoine - Tourisme,Jardin des plantes,,1,0,INFO,,,,638,
2440,VO2440,Que faire à Orléans ?,Patrimoine - Tourisme,"Parc floral de la Source, Orléans",,1,0,INFO,,,,1224,
2450,VO2450,Que faire à Orléans ?,Patrimoine - Tourisme,Orléans Val de Loire tourisme,,1,0,INFO,,,,1596,
2455,VO2455,Que faire à Orléans ?,Médiathèques,,,1,0,,,,,,
2460,VO2460,Que faire à Orléans ?,Médiathèques,Médiathèque Argonne,,1,0,INFO,,,,354,
2470,VO2470,Que faire à Orléans ?,Médiathèques,Médiathèque d'Orléans,,1,0,INFO,,,,352,
2480,VO2480,Que faire à Orléans ?,Médiathèques,Médiathèque Maurice Genevoix,,1,0,INFO,,,,353,
2490,VO2490,Que faire à Orléans ?,Médiathèques,Médiathèque Madeleine,,1,0,INFO,,,,357,
2500,VO2500,Que faire à Orléans ?,Médiathèques,Médiathèque Blossières,,1,0,INFO,,,,355,
2510,VO2510,Que faire à Orléans ?,Médiathèques,Médiathèque Saint Marceau,,1,0,INFO,,,,358,
2515,VO2515,Que faire à Orléans ?,Bibliothèques spécialisées,,,1,0,,,,,,
2520,VO2520,Que faire à Orléans ?,Bibliothèques spécialisées,Aurelia - Collections patrimoniales numérisées,,1,0,INFO,,,,1392,
2530,VO2530,Que faire à Orléans ?,Bibliothèques spécialisées,Centre Jeanne d'Arc,,1,0,INFO,,,,453,
2540,VO2540,Que faire à Orléans ?,Bibliothèques spécialisées,Musée des Beaux-Arts,,1,0,INFO,,,,425,
2550,VO2550,Que faire à Orléans ?,Bibliothèques spécialisées,Le centre Charles Péguy,,1,0,INFO,,,,426,
2560,VO2560,Que faire à Orléans ?,Bibliothèques spécialisées,Cercil,,1,0,INFO,,,,427,
2570,VO2570,Que faire à Orléans ?,Bibliothèques spécialisées,Ecole supérieure d'art et de design,,1,0,INFO,,,,455,
2575,VO2575,Que faire à Orléans ?,Salles de spectacle,,,1,0,,,,,,
2580,VO2580,Que faire à Orléans ?,Salles de spectacle,Le théâtre d'Orléans,,1,0,INFO,,,,420,
2590,VO2590,Que faire à Orléans ?,Salles de spectacle,L'Astrolabe,,1,0,INFO,,,,416,
2600,VO2600,Que faire à Orléans ?,Salles de spectacle,Le Zénith,,1,0,INFO,,,,419,
2610,VO2610,Que faire à Orléans ?,Salles de spectacle,L'Argonaute,,1,0,INFO,,,,,page_VO2150
2620,VO2620,Que faire à Orléans ?,Salles de spectacle,Le théâtre Gérard Philipe,,1,0,INFO,,,,421,
2630,VO2630,Que faire à Orléans ?,Salles de spectacle,La salle de l'Institut,,1,0,INFO,,,,418,
2640,VO2640,Que faire à Orléans ?,Salles de spectacle,La maison des arts et de la musique,,1,0,INFO,,,,841,
2650,VO2650,Que faire à Orléans ?,Salles de spectacle,Le Bouillon,,1,0,INFO,,,,840,
2660,VO2660,Que faire à Orléans ?,Salles de spectacle,Le centre chorégraphique national d'Orléans,,1,0,INFO,,,,,page_VO2310
2665,VO2665,Que faire à Orléans ?,Accueil de manifestations,,,1,0,,,,,,
2670,VO2670,Que faire à Orléans ?,Accueil de manifestations,Salons et congrès,,1,0,INFO,,,,94,
2680,VO2680,Que faire à Orléans ?,Accueil de manifestations,Chapit'O,,1,0,INFO,,,,1694,
2690,VO2690,Que faire à Orléans ?,Accueil de manifestations,La serre du jardin des plantes,,1,0,INFO,,,,1695,
2700,VO2700,Que faire à Orléans ?,Accueil de manifestations,Salle municipales,,1,0,INFO,,,,95,
2705,VO2705,Que faire à Orléans ?,Musées,,,1,0,,,,,,
2710,VO2710,Que faire à Orléans ?,Musées,Musée des Beaux Arts,,1,0,INFO,,,,1745,
2720,VO2720,Que faire à Orléans ?,Musées,Hôtel Cabu – Musée d’Histoire et d’Archéologie,,1,0,INFO,,,,332,
2730,VO2730,Que faire à Orléans ?,Musées,Le musée Charles Péguy,,1,0,INFO,,,,334,
2740,VO2740,Que faire à Orléans ?,Musées,La maison de Jeanne d'Arc,,1,0,INFO,,,,335,
2750,VO2750,Que faire à Orléans ?,Musées,Muséum d’Orléans pour la Biodiversité et l’Environnement,,1,0,INFO,,,,336,
2760,VO2760,Que faire à Orléans ?,Musées,Cercil – Musée mémorial des enfants du Vel d’Hiv’,,1,0,INFO,,,,337,
2770,VO2770,Que faire à Orléans ?,Musées,Frac Centre-Val de Loire - les Turbulences,,1,0,INFO,,,,333,
2780,VO2780,Que faire à Orléans ?,Musées,La maison de Jeanne d'Arc,,1,0,INFO,,,,335,
2790,VO2790,Que faire à Orléans ?,Autres lieux d'expositions,La collégiale Saint Pierre Le Puellier,,1,0,INFO,,,,362,
2800,VO2800,Que faire à Orléans ?,Autres lieux d'expositions,La médiathèque d'Orléans,,1,0,INFO,,,,363,
2810,VO2810,Que faire à Orléans ?,Autres lieux d'expositions,Les galeries privées,,1,0,INFO,,,,364,
2820,VO2820,,,,,1,0,,,,,,
2830,VO2830,,Eau / Assainissement,Puits et forages privés,,1,0,SER,,,,,
2840,VO2840,,,,,,,,,,,,
2850,VO2850,,,,,,,,,,,,