1,La Métropole,,,1,1,PAGE,,,,,
10,La Métropole,Le territoire et ses atouts,,1,1,PAGE,,,à créer,,
20,La Métropole,Conseil métropolitain,,1,1,PAGE,,,maj,1399,
30,La Métropole,Conseil métropolitain,Elus du conseil,1,0,PAGE,,,trombino à lancer,1400,
40,La Métropole,Bureau,,1,1,PAGE,,,à créer,,
50,La Métropole,Bureau,Elus du bureau,1,0,PAGE,,,ok,1405,
60,La Métropole,Commissions thématiques,,1,1,PAGE,,,ok,1404,
70,La Métropole,Commissions thématiques,Elus des commissions thématiques,0,0,PAGE,,,à confirmer,,
80,La Métropole,Organigramme,,1,1,DOC,,,,,/fileadmin/orleans/MEDIA/document/mairie_citoyen/services_municipaux/organigramme.pdf
82,La Métropole,Conseil de Développement ,,1,1,PAGE,,,ok,1442,
84,La Métropole,Budget,,1,0,PAGE,,,ok,1410,
86,La Métropole,Rapports d'activité,,1,0,PAGE,,,ok,1494,
88,La Métropole,Acès aux publications officielles (affichage réglementaire),,1,0,PAGE,,,ok,2123,//cloud2.orleans-metropole.fr/affichage_reglementaire/affichage_reglementaire.php
90,Actions et services,,,1,1,PAGE,,,à créer,,
100,Actions et services,Mobilité et déplacements,,1,1,PAGE,,,à créer,,
110,Actions et services,Mobilité et déplacements,Transport à la demande (Resa TAO),1,0,PAGE,,,ok,,page_200
120,Actions et services,Mobilité et déplacements,Transport à la demande pour les personnes à mobilité réduite (Access TAO),1,0,PAGE,,,ok,,page_200
130,Actions et services,Mobilité et déplacements,Acheter un titre de transport (réseau TAO),1,0,PAGE,,,ok,,//www.reseau-tao.fr/
140,Actions et services,Mobilité et déplacements,Louer un vélo (Vélo+ ou VéloLoc),1,0,PAGE,,,ok,,page_200
150,Actions et services,Mobilité et déplacements,"Rechercher un mode de transport, un itinéraire (J'y vais malin)",1,0,PAGE,,,ok,,page_200
160,Actions et services,Mobilité et déplacements,Contacter le point accueil stationnement (Orléans),1,0,PAGE,,,ok,,//www.stationnement-orleans.fr/nous-contacter
170,Actions et services,Mobilité et déplacements,Stationner dans un Parcs Relais Tram,1,0,SER,,,ok,,page_200
180,Actions et services,Mobilité et déplacements,Stationnement,1,0,PAGE,,,maj,155,
190,Actions et services,Mobilité et déplacements,Train / car,1,0,PAGE,,,maj,153,
200,Actions et services,Mobilité et déplacements,Tram / Bus / Transport à la demande,1,0,PAGE,,,maj,152,
210,Actions et services,Mobilité et déplacements,Vélo / piéton,1,0,PAGE,,,maj,154,
220,Actions et services,Mobilité et déplacements,Police municipale intercommunale des transports,1,0,PAGE,,,maj,1643,
230,Actions et services,Mobilité et déplacements,Informations travaux (Orléans),1,0,PAGE,,,à réfléchir,156,
240,Actions et services,Mobilité et déplacements,La mobilité au cœur des priorités,0,0,NEWS,,,ok,8290,
250,Actions et services,Mobilité et déplacements,TAO Orléans Métropole voit plus grand,0,0,NEWS,,,ok,8371,
260,Actions et services,Mobilité et déplacements, Le programme détaillé des ateliers vélos,0,0,NEWS,,,ok,8276,